frequency_hz,isi_ms,mean_jnd_db,sd_jnd_db,n,sem
250,200,2.0,0.1767766952966369,2,0.125
250,1000,2.6875,0.08838834764831845,2,0.0625
1000,200,1.5,0.3535533905932738,2,0.25
1000,1000,2.5,0.3535533905932738,2,0.25
