source,df,ss,ms,f,p_value
frequency,1,0.236328125,0.236328125,3.27027027027027,0.14481832688256902
isi,1,1.423828125,1.423828125,19.7027027027027,0.011344717820002459
interaction,1,0.048828125,0.048828125,0.6756756756756757,0.4572525359722045
error,4,0.2890625,0.072265625,,
total,7,1.998046875,,,
