Source,DF,SS,MS,F,p-value
Frequency (A),1,0.236328125,0.236328125,3.27027027027027,0.14481832688256902
ISI (B),1,1.423828125,1.423828125,19.7027027027027,0.011344717820002459
Interaction (AB),1,0.048828125,0.048828125,0.6756756756756757,0.4572525359722045
Error,4,0.2890625,0.072265625,,
Total,7,1.998046875,,,
