term,estimate
b0,2.1718749999999996
bA,-0.1718749999999997
bB,0.4218749999999997
bAB,0.07812500000000022
