frequency_hz,isi_ms,n,mean_jnd_db,sd_jnd_db,min,max
250,200,2,2.0,0.1767766952966369,1.875,2.125
250,1000,2,2.6875,0.08838834764831845,2.625,2.75
1000,200,2,1.5,0.3535533905932738,1.25,1.75
1000,1000,2,2.5,0.3535533905932738,2.25,2.75
