effect,estimate,se,ci_lower,ci_upper
frequency,-0.34375,0.19008632907181935,-0.8715142579164709,0.18401425791647086
isi,0.84375,0.19008632907181935,0.31598574208352914,1.3715142579164707
interaction,0.15625,0.19008632907181935,-0.37151425791647086,0.6840142579164709
